-2.170641582489013643e+01,-1.558572254180908168e+01,1.702731238007545445e+00,1.245031421565404584e+00,-1.086232051455910508e+00,3.007619757194380239e-01
-2.196718982696533118e+01,-1.592393324851989789e+01,1.656820654273033044e+00,1.327167796426897528e+00,-1.067314464232177462e+00,2.311640117690901830e-01
-1.957651576995849751e+01,-1.666371129035949750e+01,1.709026135206222596e+00,1.278478925108745168e+00,-1.091465098761175589e+00,2.734167589077500793e-01
-1.801915779113769389e+01,-1.747501854896545481e+01,1.696673171520233225e+00,1.364318951728783702e+00,-1.029238224750482544e+00,1.781161871472282665e-01
-1.634859226226806683e+01,-1.735916913032531639e+01,1.722004338502883813e+00,1.363062115543177688e+00,-9.888218793908899462e-01,1.337177015258621815e-01
-1.598404067039489718e+01,-1.750873170852661076e+01,1.709489012956619369e+00,1.386096089081112037e+00,-9.551274605093672543e-01,1.318495897376022741e-01
-2.300877815246581903e+01,-1.585855944633483894e+01,1.693868963718414333e+00,1.233092030572695341e+00,-1.135240907041357827e+00,3.258027451574689870e-01
-2.327868505477905359e+01,-1.542108741760253920e+01,1.644057525992393520e+00,1.301124222612565662e+00,-1.109888850244959313e+00,2.610261255771939015e-01
-2.063071533203125085e+01,-1.637811443328857308e+01,1.729622888565063521e+00,1.264313152989210431e+00,-1.061518278092646206e+00,2.780634244893319118e-01
-1.483066102027893152e+01,-1.713581790924072124e+01,1.695998744964599680e+00,1.310644434319863549e+00,-9.741393243401723634e-01,1.783842838728599833e-01
-1.464904924392700281e+01,-1.701029690742492662e+01,1.745757666826248222e+00,1.280968593471518480e+00,-9.965730038173298277e-01,2.133364249564334292e-01
-1.354742508888244679e+01,-1.706836231231689283e+01,1.734009820222854659e+00,1.274244374213429065e+00,-9.983863601566657087e-01,2.130446547741874086e-01
-1.329814354896545403e+01,-1.742244248390197825e+01,1.707723845243453997e+00,1.275336708115471840e+00,-9.633163995427576065e-01,2.094575871640291798e-01
-1.249636933326721255e+01,-1.754137868881225515e+01,1.705859593152999842e+00,1.282094982538726891e+00,-9.377526742360167145e-01,1.836600279226753285e-01
-1.200692647933959911e+01,-1.751178649902343665e+01,1.778724462985992405e+00,1.256619332226544206e+00,-9.642999415494497573e-01,2.021416599930032088e-01
-1.100440503120422342e+01,-1.769348752975463768e+01,1.761998686790466229e+00,1.305975337124074320e+00,-9.503994509622747389e-01,1.772289862161562646e-01
-1.051837362289428768e+01,-1.765617904663086080e+01,1.773059945106506330e+00,1.335159740431462794e+00,-8.792790769604122980e-01,1.351533641511632744e-01
-9.983520822525024485e+00,-1.785838315963745160e+01,1.787919268608093359e+00,1.287534858180769293e+00,-9.205355326789097514e-01,1.793788587109657329e-01
-9.092105364799499156e+00,-1.798955030441284109e+01,1.833992314338684038e+00,1.285190607765791748e+00,-8.953590895190802756e-01,1.745813349212496923e-01
-8.459346199035644887e+00,-1.796358394622802734e+01,1.801799873113632211e+00,1.244716307337975669e+00,-8.982020004066997299e-01,2.050755207893018572e-01
-7.648031678199767924e+00,-1.841638323783874398e+01,1.914742566347122255e+00,1.249451635190899745e+00,-8.875859407880889451e-01,2.147582104672530190e-01
-6.358079361915588201e+00,-1.839266283988952466e+01,1.900103467702865645e+00,1.253242305693601955e+00,-8.230605422101217039e-01,1.840702576953369973e-01
-5.909980528354644491e+00,-1.905185167312622241e+01,1.913408282995223919e+00,1.289669216652643335e+00,-7.967777328953292715e-01,1.771250357124443953e-01
-5.312616586685180664e+00,-1.888028806686401495e+01,1.917565560340881436e+00,1.266128163271668328e+00,-8.074847386334169652e-01,1.750101376422882604e-01
-4.772217462062835480e+00,-1.960679536819457880e+01,1.959408847093582207e+00,1.311461377409192108e+00,-7.571541592283652644e-01,1.374586962180994743e-01
-3.930284804105758756e+00,-1.965973964691162124e+01,1.940104150772094638e+00,1.318141877073838453e+00,-7.228403221970836068e-01,1.151025899091290411e-01
-2.269012010991573458e+00,-2.008925247192382812e+01,1.945545636415481505e+00,1.311116587489011387e+00,-6.691776963920468280e-01,1.247052829320066392e-01
-2.345757097244262823e+01,-1.482954621315002441e+01,1.627651081085205176e+00,1.287949606912975442e+00,-1.138786577992673577e+00,2.651713321775899246e-01
-2.467126136779785028e+01,-1.476572491645812946e+01,1.651537818908691335e+00,1.228984989322164267e+00,-1.170291192168934957e+00,3.347174604027501332e-01
-1.134172619730234199e+00,-2.083083566665649400e+01,1.962982398271560625e+00,1.293137618365415520e+00,-6.266053117800487460e-01,1.338206677928724386e-01
-8.581228109821676941e-01,-2.065816667556762809e+01,1.961831792593002222e+00,1.290155463057885754e+00,-6.442765263938781128e-01,1.367524663512968974e-01
-1.735930801369249821e-01,-2.111007497787475629e+01,1.965455437898635971e+00,1.298525499309944653e+00,-6.360999473401703908e-01,1.492066088670995216e-01
5.607736611366271884e-01,-2.077816253662109247e+01,1.967789204120635960e+00,1.301118113040555135e+00,-6.537420400542918175e-01,1.340897684312467308e-01
1.134727594442665577e+00,-2.091569322586059698e+01,1.998695030212402246e+00,1.310061410447920238e+00,-6.139226147994392147e-01,1.032153386178830401e-01
1.390293880105018642e+00,-2.085908554077148480e+01,1.951358661651611426e+00,1.337726106532372450e+00,-5.886502492929198693e-01,8.579577667359741810e-02
2.359627964198589112e+00,-2.167747024536132727e+01,1.932849940061569294e+00,1.360166232740194214e+00,-5.625213221002836050e-01,7.160816413573774242e-02
2.667215186059475052e+00,-2.178430694580078253e+01,1.928375645875930688e+00,1.329446509617262073e+00,-5.676011301821768384e-01,1.119012505544092068e-01
4.640796952247619345e+00,-2.163286035537719698e+01,1.921935242414474443e+00,1.365606233870979125e+00,-4.987544609204459523e-01,6.444981606683106157e-02
5.592742719650268590e+00,-2.204131353378295799e+01,1.925946345329284659e+00,1.363813186624360352e+00,-4.813454715475631862e-01,4.820230120034438293e-02
6.139981355667114116e+00,-2.226037704467773537e+01,1.861143965721130389e+00,1.349168003666942006e+00,-4.637690399757649629e-01,7.794888945756464627e-02
6.624400000572205016e+00,-2.256146886825561637e+01,1.891964563131332433e+00,1.329590386938428681e+00,-5.225607213795404604e-01,7.019177867805559412e-02
7.919229297637939702e+00,-2.295651552200317269e+01,1.902304149866104188e+00,1.318753732919288435e+00,-4.170224378229829831e-01,4.245241060790688747e-02
8.672412457466124991e+00,-2.241338804244995231e+01,1.918869066238403365e+00,1.329842085890978520e+00,-4.035260227100016528e-01,2.049344510886576265e-02
9.605640673637390492e+00,-2.320213560104370032e+01,1.903487508296966446e+00,1.342990909996584659e+00,-3.690779726502011471e-01,1.569004306714976912e-02
1.008184757709503110e+01,-2.298150115966796747e+01,1.893434920310974157e+00,1.333003230561353725e+00,-3.043431121628452640e-01,2.541208248004586147e-03
1.090538946628570471e+01,-2.374972520828247013e+01,1.985499680042266846e+00,1.361277420644486202e+00,-2.802744292214345290e-01,-2.728527658624050473e-02
1.195091169357299776e+01,-2.390347761154174933e+01,1.932632083892822372e+00,1.359568783436209349e+00,-2.275665618242589672e-01,-1.984437575039784546e-02
1.191179923057556067e+01,-2.412074831008911246e+01,1.908701037168502701e+00,1.374236954448510240e+00,-2.257289474396513285e-01,-2.312762326909209576e-02
1.212602021217346149e+01,-2.464196456909179744e+01,1.983874306678772070e+00,1.378614028757295440e+00,-1.996956999291285562e-01,-3.497417049309904657e-02
1.267248298645019489e+01,-2.432443727493286190e+01,1.907300890684127781e+00,1.390369061874773493e+00,-1.597162385048216671e-01,-3.869927465890268814e-02
1.375856939315795913e+01,-2.486314538955688391e+01,1.936009681224823087e+00,1.372998740439439924e+00,-1.138427201570333669e-01,-6.491145202905219957e-02
1.389499274253845229e+01,-2.449274110794067383e+01,1.911830354928970355e+00,1.401511835760874014e+00,-1.055449052199971816e-01,-5.782663279387656452e-02
1.425406686782836907e+01,-2.461917058944702319e+01,1.888187428712844840e+00,1.385662793470522791e+00,-1.023088371204438490e-01,-4.499596439338307552e-02
1.530110694885253864e+01,-2.583040441513061580e+01,1.922772127389907881e+00,1.376294903879536902e+00,-9.379371988520229797e-02,-3.107757331197916195e-02
1.622412621498108010e+01,-2.514057361602783303e+01,1.800324550867080653e+00,1.337606775738996445e+00,-8.855043959017203092e-02,-1.291684920768294831e-02
1.759101365089416547e+01,-2.608290601730346836e+01,1.816653236150741479e+00,1.382505182050490555e+00,-4.143883757779227850e-02,7.615746104737350364e-04
1.665116365432739087e+01,-2.579720308303832965e+01,1.829691536426544252e+00,1.371980177792891054e+00,-5.890527968491122285e-02,2.706702718781112821e-03
1.735514775276184096e+01,-2.587005960464477639e+01,1.820612251758575439e+00,1.394736698204979808e+00,-3.134105887569182958e-02,-1.917137799642225013e-03
1.798823147773742548e+01,-2.650357902526855369e+01,1.865005598068237402e+00,1.381246116016699554e+00,9.895189100811550495e-03,-1.808658196243488267e-02
2.000720975875854535e+01,-2.656892948150634837e+01,1.792276818752288836e+00,1.369856888806211481e+00,7.332819972622726945e-02,-2.463894260215496873e-02
1.949962944030761847e+01,-2.646289602279663100e+01,1.856059844493866073e+00,1.396305969105427147e+00,1.030729876489654556e-01,-2.208557910944972114e-02
-1.330378532409667969e+01,-1.694920569419860712e+01,1.647810031175613421e+00,1.466269353496209460e+00,-8.798853488838345172e-01,7.273047856044467796e-02
-1.203059697151184082e+01,-1.766924169540405387e+01,1.655044869184494116e+00,1.492431542647391529e+00,-8.198571233022883264e-01,5.885688369917655566e-02
-9.184090456962586302e+00,-1.746877183914184428e+01,1.667187169790268042e+00,1.443994488031006496e+00,-7.716729234132185811e-01,8.625237152452852607e-02
-1.457968871116638176e+01,-1.593650763511657686e+01,1.646843664646148619e+00,1.416064046920622266e+00,-9.692890981196145006e-01,1.342067515855043525e-01
-7.194717836380005060e+00,-1.786759688377380328e+01,1.771368584632873500e+00,1.450575616393769529e+00,-7.580576705146184757e-01,8.995190922082500762e-02
2.084030021667480526e+01,-2.585229936599731460e+01,1.689367090463638199e+00,1.376127199333072371e+00,8.133125526774533098e-02,-3.552911919532945884e-02
2.123242370605468921e+01,-2.539966823577880817e+01,1.634031158685684160e+00,1.371515833048638999e+00,7.665057035976083344e-02,-5.486306820796881673e-03
2.267357873916625977e+01,-2.623822113037109460e+01,1.627276666164398256e+00,1.362439095336436923e+00,9.623778433152219147e-02,-3.650095850630703104e-02
-2.567316473007202049e+01,-1.404088728904724093e+01,1.709807770252227854e+00,8.963437240832413666e-01,-1.236830609553702054e+00,6.612593249038916099e-01
-2.600770580291748146e+01,-1.371299359321594302e+01,1.615407704710960290e+00,1.070544826510428704e+00,-1.122708478226627005e+00,4.458019986897522879e-01
-2.688958103179931669e+01,-1.331994277954101591e+01,1.670631574392318797e+00,1.019869701985686383e+00,-1.132041322345602952e+00,4.965110753378526587e-01
-2.668822154998779439e+01,-1.329261687278747495e+01,1.679951647520065316e+00,1.174389328173977454e+00,-1.099428085497610619e+00,3.614714972334008292e-01
-2.807519905090332202e+01,-1.260670410156249943e+01,1.602581129074096777e+00,1.105510742307231675e+00,-1.123535089686681587e+00,4.203303779606523127e-01
-2.797860059738159322e+01,-1.311869899749755852e+01,1.645768091678619482e+00,1.119096662893571459e+00,-1.105426754245043774e+00,3.920729228438453728e-01
-2.877093568801879897e+01,-1.294037696838378970e+01,1.642142632007598912e+00,1.104005117844235828e+00,-1.105413734595740216e+00,4.013802241576005514e-01
-3.030270874023437599e+01,-1.319201383590698207e+01,1.527065903544426062e+00,1.198692750635410809e+00,-1.094527656497205514e+00,3.393438394838581007e-01
-3.036691659927368292e+01,-1.301989666938781731e+01,1.566639562249183548e+00,1.101365830534944523e+00,-1.108425464225607726e+00,4.120629291384386717e-01
-3.070939054489135600e+01,-1.262444309234619055e+01,1.566395969390869114e+00,1.135991066180120246e+00,-1.071793438673575904e+00,3.658105232965606080e-01
-3.196611412048339673e+01,-1.270881464004516559e+01,1.484613887071609462e+00,1.138862945462220111e+00,-1.136535438822563027e+00,3.925035062840139810e-01
-3.317402723312378043e+01,-1.336614327430725169e+01,1.550019602775573713e+00,1.161467770255846021e+00,-1.148243627024985170e+00,3.799433743262782825e-01
-3.300818304061889563e+01,-1.269050983428954993e+01,1.531991500854492205e+00,1.087271255369589129e+00,-1.152530898802728077e+00,4.328252357592954347e-01
-3.484305421829223803e+01,-1.456881641387939474e+01,1.538817743659019577e+00,1.208064601717130593e+00,-1.132235934199684602e+00,3.284293899778040760e-01
-3.546183877944946516e+01,-1.437635033607482882e+01,1.487163785099983260e+00,1.176179392547319180e+00,-1.140424606428233067e+00,3.678049301029340246e-01
-3.596472669601440231e+01,-1.485758347511291433e+01,1.561456307172775171e+00,1.179646483464367623e+00,-1.173973522680316073e+00,3.697544865838268691e-01
-3.771831932067870952e+01,-1.511797885894775462e+01,1.512569265365600657e+00,1.262531433316459895e+00,-1.133242735769870002e+00,2.884112816990120898e-01
-3.726434921264648636e+01,-1.458440295219421401e+01,1.468545448184013447e+00,1.189807535058371668e+00,-1.188421476697925749e+00,3.599115365783475129e-01
-3.743860908508300867e+01,-1.544956882476806648e+01,1.560495123863220313e+00,1.209415376301532286e+00,-1.192498314805327864e+00,3.507398998871458229e-01
-3.930057209014892550e+01,-1.540520947456359835e+01,1.535672731697559357e+00,1.174775834129977659e+00,-1.189244417015483224e+00,3.770335022913955947e-01
-4.076047634124756058e+01,-1.490478288650512617e+01,1.639061777591705349e+00,1.261862097214329070e+00,-1.182008329263790403e+00,2.856894454926178217e-01
-4.154841434478759510e+01,-1.522900243759155359e+01,1.615145464539527786e+00,1.287042332909851927e+00,-1.210125929228119901e+00,2.659821217704989027e-01
-4.110137866973877152e+01,-1.501737164497375510e+01,1.571516574025154211e+00,1.280883104054664656e+00,-1.214261113694600214e+00,2.761938242731820092e-01
-4.020796451568603658e+01,-1.512979159355163539e+01,1.488655340671539262e+00,1.292368742141071003e+00,-1.206686684492508821e+00,2.600826093956389862e-01
1.793070445060730123e+01,-2.401406621932983398e+01,1.816448847055435190e+00,1.421023968136124527e+00,1.155114484286452886e-01,-1.014526572953140457e-02
1.371005057170987251e-01,-1.851252920150756864e+01,1.889301530122756922e+00,1.398619712757292799e+00,-6.152652744145465924e-01,8.903460063205961839e-02
1.040228748898953226e+00,-1.970168582916259936e+01,1.891352024078369221e+00,1.402937210573003801e+00,-5.966460753542868201e-01,6.860388990116676744e-02
-5.625775749683380234e+00,-1.866144273757934613e+01,1.851206524372100759e+00,1.473797551348532631e+00,-7.202597107190711334e-01,9.817393642512514673e-02
-3.619427074193954486e+00,-1.839651638984680204e+01,1.813116581439971897e+00,1.424441772098897108e+00,-6.557932850996256446e-01,9.106763646560919745e-02
1.932263303756714024e+01,-2.434605640411377081e+01,1.829890916347503671e+00,1.419312638545146221e+00,1.549638080866077849e-01,-3.487195738065108214e-02
2.082067926406860181e+01,-2.477679439544677820e+01,1.806515226364135751e+00,1.436601221773398995e+00,2.659353829225252763e-01,-7.046750182494393444e-02
1.596563733100891191e+01,-2.279851467132568388e+01,1.817431216239929093e+00,1.435645612254577097e+00,6.535107130037909329e-02,-1.129758787383308358e-02
4.807661123275757120e+00,-2.112322639465331875e+01,1.894892708063125708e+00,1.404696369886726526e+00,-4.291625594453201131e-01,1.204710374089001772e-02
2.226149896621704016e+01,-2.507973125457763786e+01,1.584330823421478351e+00,1.320986389871342981e+00,1.510044549809384448e-02,-4.662773433211757357e-02
2.276453121185302564e+01,-2.503474908828735224e+01,1.536586790084838894e+00,1.316816908847828538e+00,2.006263758541917963e-02,-3.236366031039027841e-02
-1.908190963268280083e+00,-1.863931781768798857e+01,1.897120096683502233e+00,1.458563625888708692e+00,-6.681931240353218282e-01,8.048142569026989213e-02
2.249481290817260870e+01,-2.571572504043579244e+01,1.774588412046432584e+00,1.447808836595216864e+00,3.072535299236563988e-01,-3.448293488133728768e-02
2.272990583419799648e+01,-2.544711839675903420e+01,1.773682358264923042e+00,1.449168682777092876e+00,3.463174606709488179e-01,-4.927317763712688731e-02
2.506494155883789077e+01,-2.444605272293090792e+01,1.611815345287322954e+00,1.350802144175745179e+00,2.030999430136518069e-01,-8.689884187165766716e-02
2.533132848739624166e+01,-2.407602237701415859e+01,1.566447939872741779e+00,1.364533598695595540e+00,1.866454950544160218e-01,-7.403585282502840592e-02
2.664777246475219741e+01,-2.373670166015624972e+01,1.610729910135269227e+00,1.346420253892453900e+00,2.588758685964543949e-01,-1.018221911750822883e-01
2.759112850189208999e+01,-2.417593229293823143e+01,1.584870019555091769e+00,1.381963488399061468e+00,3.649994186885679448e-01,-9.723544790650182068e-02
2.902590576171875014e+01,-2.304898660659790011e+01,1.670258598327636790e+00,1.351215997062866103e+00,4.913275478727412438e-01,-1.432408583512848610e-01
2.994257358551025305e+01,-2.339881769180297866e+01,1.692078055143356297e+00,1.388483779579776423e+00,5.533002082497540108e-01,-1.350463129442835419e-01
3.068973241806030217e+01,-2.228774620056152500e+01,1.685893554687500018e+00,1.402384184907869091e+00,6.011129772251070369e-01,-1.272437726106715183e-01
2.932878744125366310e+01,-2.231307638168334861e+01,1.630077921152114806e+00,1.403562356988849347e+00,5.422216103469982285e-01,-1.348712548526772026e-01
3.185281312942504783e+01,-2.225174198150634908e+01,1.628508034944534222e+00,1.391444582226822657e+00,5.911373636764588602e-01,-1.194015728654984759e-01
3.216901905059814482e+01,-2.171124425888061538e+01,1.627945135831832868e+00,1.399768382212798423e+00,6.236122539530806197e-01,-1.248781584760306207e-01
2.436416822433471552e+01,-2.559262744903564624e+01,1.768884512186050362e+00,1.516161801504615658e+00,4.469500301793085661e-01,-4.068140843713306115e-02
1.061819658756256146e+01,-2.222931982040405430e+01,1.898942203521728489e+00,1.401075941527234026e+00,-2.275466264637555081e-01,2.589953796993113219e-02
1.459462587356567376e+01,-2.265218799591064425e+01,1.769977402687072709e+00,1.487968296739673901e+00,1.914522526709873038e-02,-4.846940881272818885e-02
2.885510814666747947e+01,-2.639398260116577077e+01,1.724202024936676070e+00,1.393114625899281034e+00,5.033981090979474660e-01,-1.157762031295946070e-01
8.244126052856445952e+00,-2.149844045639038015e+01,1.854252177476882979e+00,1.430003823782364236e+00,-2.580723976760465055e-01,3.066235785703316785e-02
7.807537631988525462e+00,-2.157374637603759737e+01,1.804602400064468481e+00,1.422804260258096143e+00,-2.843960689150714094e-01,-2.563487289894271492e-02
2.507613004684448299e+01,-2.596044212341308466e+01,1.722686278820037886e+00,1.496876167539122671e+00,5.074041721189503917e-01,-1.183728600323289415e-01
2.527465387344360437e+01,-2.504811437606811353e+01,1.646008934974670490e+00,1.483781040779142080e+00,5.179632922812943407e-01,-1.103808875427286507e-01
2.842622722625732479e+01,-2.634883995056152273e+01,1.730146298408508310e+00,1.443446098814052281e+00,5.587019186586942299e-01,-1.151923780511467377e-01
1.708117954254150561e+01,-2.293073730468750071e+01,1.754671473503112811e+00,1.460234259563144343e+00,1.363061251148157127e-01,-1.460533925927016974e-02
2.830510532379150490e+01,-2.670078363418578959e+01,1.771283516883850107e+00,1.542794151201229980e+00,5.726200623784264421e-01,-6.585397013291643953e-02
2.832366571426391744e+01,-2.603845094680785976e+01,1.733172640800476172e+00,1.545615114383736000e+00,5.672963316763390829e-01,-7.565759269792478314e-02
3.061845623016357365e+01,-2.552386619567871051e+01,1.724668203592300442e+00,1.413797842101323310e+00,5.716665143762675871e-01,-1.128946684071844148e-01
3.136073534011840991e+01,-2.483835420608520650e+01,1.585393849015235945e+00,1.451684758509673490e+00,5.631146867222025509e-01,-7.542553680475343192e-02
2.471981792449951243e+01,-2.559141174316406264e+01,1.745410252809524554e+00,1.496636587891811088e+00,4.871368488770466132e-01,-8.898241788327553026e-02
3.285836097717285043e+01,-2.575115625381469897e+01,1.596371061801910463e+00,1.469019050197603260e+00,5.958523528023873528e-01,-6.845099479891685046e-02
2.087977060317993150e+01,-2.496748365402221737e+01,1.564912568330764753e+00,1.354352857603956961e+00,-1.650207362125958102e-02,-2.483486616002854655e-03
2.511918909072876005e+01,-2.622850166320800724e+01,1.596175034046173113e+00,1.352824405497645488e+00,1.894414403641845046e-01,-5.579402020828048286e-02
1.269096324920654340e+01,-2.287593835830688604e+01,1.849641293287277222e+00,1.460607736789033106e+00,-9.502704212807686068e-02,-4.617088660484946344e-02
3.452288238525390796e+01,-2.643574773788452248e+01,1.647491622567176739e+00,1.432792429468607853e+00,5.573628380074449051e-01,-1.170332539370802089e-01
3.013032829284668068e+01,-2.584590284347534350e+01,1.804288810491561978e+00,1.421749969396002733e+00,6.133343723519827373e-01,-1.470337294717158072e-01
2.998274679183959890e+01,-2.572413589477539020e+01,1.760412341356277555e+00,1.462055601939531435e+00,6.545923603958639925e-01,-1.316061434128689978e-01
1.595782791137695256e+01,-2.274975772857666101e+01,1.670597634315490687e+00,1.463636647312712258e+00,1.018496871756323918e-01,-6.011362852921011551e-02
3.788065711975097827e+01,-2.839372287750244084e+01,1.618341792821884173e+00,1.387967375984707985e+00,5.452416743919866748e-01,-1.429913017771736183e-01
4.005470695495605327e+01,-2.890719314575195398e+01,1.694851143360137868e+00,1.419661072383911371e+00,5.830651156795303436e-01,-1.358868971031490513e-01
4.032668910980224553e+01,-2.888587862014770380e+01,1.645878124833106915e+00,1.429755519622177840e+00,6.228521949923857548e-01,-1.430425862164007300e-01
4.306137794494628679e+01,-2.898484672546386776e+01,1.674870315790176312e+00,1.410686506937488538e+00,6.676085631327552949e-01,-1.507071976825033188e-01
4.297877063751220561e+01,-2.927938375473022603e+01,1.699068523645401063e+00,1.424926484712461860e+00,6.901368353980873449e-01,-1.490166805169504949e-01
4.589712497711181527e+01,-2.970454319000243970e+01,1.582762486934661927e+00,1.434307915160761171e+00,7.471088853556742126e-01,-1.419900325774169914e-01
4.714661972045898608e+01,-3.058808565139770508e+01,1.627505930662155098e+00,1.446520769092113801e+00,7.318626662477271116e-01,-1.200359410527272047e-01
4.884671165466308906e+01,-3.097058469772338896e+01,1.545033926367759713e+00,1.450034322716798219e+00,6.929384007275511959e-01,-1.145039283284657872e-01
5.173322360992431612e+01,-3.142377454757690458e+01,1.544745941162109393e+00,1.445062652182597773e+00,7.972430334046619604e-01,-1.161166778348241974e-01
5.212877944946288977e+01,-3.168073822021484531e+01,1.456671960353851381e+00,1.472515577926890806e+00,7.442464064523750533e-01,-9.191520295175539812e-02
5.641434646606445114e+01,-3.282932056427002010e+01,1.526124293208122262e+00,1.434960344742913119e+00,8.220733410918267259e-01,-1.287108168821409770e-01
5.581790927886962805e+01,-3.255999349594116410e+01,1.477486134171485999e+00,1.418366348600394344e+00,8.208901391158872629e-01,-1.332705069615497395e-01
5.740325065612793054e+01,-3.325912855148315117e+01,1.412872949242591769e+00,1.421563479801845720e+00,8.077180048068253182e-01,-1.446567134669806964e-01
5.738660610198974865e+01,-3.399220449447631864e+01,1.477589208483695904e+00,1.391835642370162773e+00,7.891417178763969753e-01,-1.746733291393202658e-01
5.971652526855469034e+01,-3.484180601119994947e+01,1.496688845753669783e+00,1.397861457497595827e+00,8.151912022573825078e-01,-1.705491561094480968e-01
6.268059188842773466e+01,-3.507212963104247905e+01,1.370816325545310965e+00,1.447184226083579883e+00,8.510556827005679725e-01,-1.230194859337889329e-01
2.293567754745483356e+01,-2.485698789596557745e+01,1.573931639790534964e+00,1.307315769077439960e+00,3.263913960711736784e-02,-2.503059561929551341e-02
6.332885593414306413e+01,-3.392402399063110607e+01,1.270284587144851596e+00,1.466484294834455859e+00,8.918390425511100172e-01,-1.080507220548750508e-01
6.383374229431152003e+01,-3.405105314254760884e+01,1.352893236577510816e+00,1.462740304628784127e+00,9.022056449233786246e-01,-1.095495006895159246e-01
6.413829513549804062e+01,-3.404138950347900305e+01,1.282951736152172062e+00,1.456775770025913852e+00,9.060302167336774515e-01,-1.156452304583947405e-01
6.308061431884765824e+01,-3.494324293136596538e+01,1.379421072006225657e+00,1.456219131183885018e+00,8.833924240235117020e-01,-1.098719941884466894e-01
6.336056735992431754e+01,-3.525960344314574968e+01,1.421139562129974276e+00,1.443977953424049776e+00,8.743389645289549872e-01,-1.270512977651385988e-01
3.402434768676757670e+01,-2.546265230178833150e+01,1.905829527378082311e+00,1.461726524058062138e+00,5.581628335182000633e-01,-8.136003860828817935e-02
1.783846564292907644e+01,-2.382792009353637752e+01,2.190999422669410723e+00,1.438140341186037396e+00,-4.684300491442136560e-02,-9.024335877291839170e-02
-1.111892920494079640e+01,-1.944668754577636705e+01,1.809162553548812946e+00,1.413630957793616805e+00,-7.427152935595726646e-01,7.104562531943701964e-02
-1.069731766700744657e+01,-1.965759559631347742e+01,1.776747140884399334e+00,1.436613324732818775e+00,-7.495651826095617309e-01,6.870799052942205831e-02
-9.776235575675963574e+00,-1.921650777816772404e+01,1.803100528717040962e+00,1.462799910750283150e+00,-7.593682169566351448e-01,6.512275586602425670e-02
-1.208497390747070277e+01,-1.988918252944946374e+01,1.765044524669647119e+00,1.429454808068317151e+00,-7.708808069025255838e-01,8.015071569844628430e-02
-9.156487531661987589e+00,-1.992390649795532198e+01,1.762652128934860229e+00,1.460829773941072940e+00,-6.916808634134689049e-01,3.710100426454208261e-02
-7.544746994972229004e+00,-1.988785390853881907e+01,1.832544968128204443e+00,1.459972664531387077e+00,-6.531367958092006987e-01,4.442589999583072824e-02
-8.862112259864806774e+00,-1.973965959548950266e+01,1.787169771194458079e+00,1.470286185965800074e+00,-6.818278054702111568e-01,1.996173766312131156e-02
-1.307307426452636712e+01,-1.887214420318603558e+01,1.727165924310684275e+00,1.441742880726436304e+00,-8.029266338700365990e-01,4.592911134162364767e-02
-1.307868201255798368e+01,-1.943315748214721594e+01,1.723302005529403713e+00,1.404514938020589243e+00,-8.120306296194140794e-01,9.625948773403333880e-02
-1.463201920509338372e+01,-1.891313789367675824e+01,1.767662233114242643e+00,1.404021411172374778e+00,-8.552798884717470740e-01,7.814965277123953058e-02
-1.541948683738708503e+01,-1.884389581680297709e+01,1.717733575105667043e+00,1.420275309872279124e+00,-8.815217366507627217e-01,8.470474718698285665e-02
-1.595437323570251387e+01,-1.852955453872680636e+01,1.762455244064331072e+00,1.408532251908493071e+00,-8.909141960740899480e-01,8.665467741510393673e-02
-7.551573452949523535e+00,-2.013726970672607308e+01,1.788157742023468000e+00,1.472697064145600088e+00,-6.496644526384506291e-01,2.320518066068900931e-02
-6.598302893638610556e+00,-1.984179641723632770e+01,1.784669188261032158e+00,1.455300104767554448e+00,-6.378580993980060843e-01,1.443310140721098221e-02
-5.819287312030792414e+00,-1.999026992797851676e+01,1.865495167970657286e+00,1.449775655593954493e+00,-6.145704282573080102e-01,7.995645485326939236e-03
-5.401618943214416824e+00,-2.016479530334472514e+01,1.849769515991210866e+00,1.474467944196602209e+00,-6.489516227817394567e-01,2.432713752517863190e-02
-3.818091912269592214e+00,-1.971880828857421974e+01,1.858404616117477426e+00,1.426182372004476839e+00,-5.796500232908582406e-01,-2.106210620551957546e-04
-2.911839327812194789e+00,-1.971234083175659180e+01,1.815492961406707684e+00,1.455905906242026537e+00,-6.127501748616155375e-01,3.022703726390322393e-02
-2.099901142418384659e+00,-2.022286340713500863e+01,1.861969658136367833e+00,1.447009808998244829e+00,-5.553511751426786214e-01,2.328121574503779628e-02
-6.270839214138687057e-01,-2.026996055603027358e+01,1.901194753646850533e+00,1.444992872387642846e+00,-5.584969651979734273e-01,3.714209988182685246e-02
-6.139051009155810368e-01,-2.116454196929931797e+01,1.854858328104019183e+00,1.432799799640197325e+00,-5.462929062529797708e-01,3.033012488111736307e-02
-3.053655353747308232e-01,-2.116119966506958150e+01,1.931079833507537868e+00,1.408751166728332782e+00,-5.711300423013916383e-01,6.651068875158490379e-02
2.068297355249524017e-01,-2.089624507904052564e+01,1.838606427907943708e+00,1.455103195148514272e+00,-5.186333869268913155e-01,2.984936523705816400e-02
-2.707364030554890721e-01,-2.167348707199096580e+01,1.912073699235916191e+00,1.507743795659606478e+00,-5.233464177720864585e-01,2.719939496909437593e-02
-1.723408658027648954e+01,-1.845210206031799416e+01,1.726625685691833390e+00,1.470067370528897577e+00,-8.856226973130744140e-01,8.035244638456947447e-03
2.053756821043789316e+00,-2.174231899261474510e+01,1.864638507366180420e+00,1.480258305853100698e+00,-4.193977030245491511e-01,-1.819905710320202097e-02
5.096529176235199188e+00,-2.151645910263061623e+01,1.863723673820495641e+00,1.430438145646600434e+00,-3.863457580096500421e-01,-1.015771190905031315e-03
5.173278977870941375e+00,-2.163105979919433608e+01,1.909938690662384086e+00,1.373210587308421049e+00,-4.094123180954096775e-01,1.140541668198543496e-02
6.531929125785827850e+00,-2.200408695220947308e+01,1.853246632814407269e+00,1.357869380829140216e+00,-3.849572443324394411e-01,2.844760581528721702e-02
6.491785979270934703e+00,-2.214422317504882898e+01,1.894738044738769611e+00,1.339712037391394883e+00,-3.438673744771523211e-01,2.021815790045035019e-02
8.320761318206786328e+00,-2.230643194198608370e+01,1.865323497056960989e+00,1.359608365629237259e+00,-3.112516567740453710e-01,-6.908827942252403903e-03
7.901100621223450027e+00,-2.283409324645996108e+01,1.903565462827682575e+00,1.353784089548200953e+00,-3.133364624121533493e-01,-3.942097622353804218e-03
9.467878818511962891e+00,-2.272712661743164020e+01,1.918816730976104834e+00,1.361525510937197758e+00,-2.609256064481125237e-01,-5.236320145025083993e-03
1.032734855651855455e+01,-2.257661184310913072e+01,1.830988620519637955e+00,1.360095946218646823e+00,-2.203782051335382297e-01,-8.188923755975538107e-03
1.026647968292236257e+01,-2.315977155685424904e+01,1.904557837247848440e+00,1.355729095907565185e+00,-2.333655210220116072e-01,-2.960642437298111052e-02
1.097734655380249080e+01,-2.403917312622070312e+01,1.904559878110885673e+00,1.348585279242923818e+00,-2.180013009900308441e-01,-1.124848879112386700e-02
1.176339677810668860e+01,-2.366258226394653263e+01,1.934577412605285707e+00,1.361418862510020311e+00,-1.624878983601767135e-01,-2.886227986183473857e-04
1.185981730461120520e+01,-2.398810356140136690e+01,1.931041657924652100e+00,1.367623515564283743e+00,-1.628136975973737688e-01,-3.704695521829475934e-03
1.429965904235839780e+01,-2.450693023681640526e+01,1.855328772068023602e+00,1.394681951153719623e+00,-6.097174689126489723e-03,-3.644433275504446734e-02
1.426495266914367654e+01,-2.391897634506225501e+01,1.914212309122085509e+00,1.383090911725251226e+00,-4.672565362270805073e-02,-1.254793695204298176e-02
-1.802135717391967873e+01,-1.790097401618957562e+01,1.700181387662887511e+00,1.461106731947322102e+00,-9.019196645216260855e-01,1.211255107938328385e-02
-1.910156614303588896e+01,-1.786967115402221751e+01,1.681150524616241482e+00,1.458772937265733871e+00,-9.539555764010930750e-01,5.181062060128271279e-02
-2.028927139282226477e+01,-1.699140111923217944e+01,1.695667057037353542e+00,1.417113998646261086e+00,-1.019451979613634318e+00,1.000663547428279898e-01
-2.133943046569824276e+01,-1.737441782951355052e+01,1.705583457946777237e+00,1.433521863995522283e+00,-1.014093835519324527e+00,9.463025289529009010e-02
-2.048288784980773869e+01,-1.695413711547851676e+01,1.704419595003128007e+00,1.377844295075745240e+00,-1.015672089341020934e+00,1.524690865274912488e-01
-2.222656148910522589e+01,-1.642009746551513771e+01,1.641879001855850229e+00,1.429870298353701497e+00,-1.017807323364508409e+00,7.340076534289510790e-02
-2.250690351486205998e+01,-1.728449948310851880e+01,1.705970175266265931e+00,1.402833222428986337e+00,-1.007870488638915374e+00,1.051461399468888308e-01
-2.232452775955200153e+01,-1.704586184501647850e+01,1.694394043684005702e+00,1.402076721976699858e+00,-1.010894104933674154e+00,1.106688861655497069e-01
-2.294689588546753001e+01,-1.687558725357055778e+01,1.755682456493377730e+00,1.370201151216953406e+00,-1.015150884975289491e+00,1.436208172238670755e-01
-2.573486814498901509e+01,-1.639803436279296989e+01,1.733092575073242214e+00,1.332288234167934515e+00,-1.055029858089564954e+00,2.010321335445475199e-01
-2.429572490692138587e+01,-1.665667584419250602e+01,1.736769669055938659e+00,1.365968745350554014e+00,-1.054289400262980125e+00,1.836618591170989245e-01
-2.672868614196777415e+01,-1.596626768112182582e+01,1.681729478836059499e+00,1.372350765912299764e+00,-1.063591875993206814e+00,1.538016225444820695e-01
-2.432384250640869183e+01,-1.652634413719177076e+01,1.699770339727401769e+00,1.406567777298727950e+00,-1.044494295922620886e+00,1.296626231840691257e-01
-2.781364034652709805e+01,-1.545277377128601159e+01,1.692014557123184160e+00,1.365038383808960809e+00,-1.088326550178738250e+00,1.813727008736411850e-01
-2.722140428543090707e+01,-1.631818016052245923e+01,1.657389584183692977e+00,1.374150612215807143e+00,-1.069238221576720882e+00,1.598840341516901131e-01
-2.899506103515625099e+01,-1.572804440498352108e+01,1.667153205275535566e+00,1.354078039391692467e+00,-1.106332249409580193e+00,1.936222282169420827e-01
-2.907642501831054815e+01,-1.550207722663879473e+01,1.640352699160575911e+00,1.335060449191178611e+00,-1.096237998691671711e+00,2.111900878512614765e-01
-3.000226551055908075e+01,-1.536054897308349609e+01,1.658189532756805473e+00,1.356207599236014305e+00,-1.098072977091486546e+00,1.893677574118974583e-01
-3.183075206756591768e+01,-1.470993834495544483e+01,1.687061195373535050e+00,1.341763060435131605e+00,-1.126169753158413611e+00,2.115916109467760597e-01
-3.180373937606811552e+01,-1.492108025550842321e+01,1.687529208660125679e+00,1.321232136710915661e+00,-1.133033272460387764e+00,2.220057437819570323e-01
-3.381764364242553711e+01,-1.436301362037658613e+01,1.622361767292022749e+00,1.275868634665383805e+00,-1.156354600182814441e+00,2.742196640554412368e-01
-3.458180160522461222e+01,-1.426248387336730872e+01,1.533423735499382046e+00,1.285638770089305272e+00,-1.145969640713784710e+00,2.485184909948679188e-01
-3.422684341430664290e+01,-1.459051690101623500e+01,1.596691066622734079e+00,1.301259712890356246e+00,-1.151752654094217343e+00,2.456238022580900515e-01
-3.581768505096435717e+01,-1.452546600341796790e+01,1.559278251528740000e+00,1.260241197426335003e+00,-1.142382944194085148e+00,2.981535475505920907e-01
-3.642307004928589009e+01,-1.483551907539367676e+01,1.578166480064392196e+00,1.203272605685308694e+00,-1.168427874383949128e+00,3.691231786314150831e-01
-3.574732364654541072e+01,-1.467485071182250955e+01,1.562607599496841360e+00,1.176518482374712571e+00,-1.180354191163629274e+00,3.861105423117207613e-01
-3.531855329513550146e+01,-1.428152742385864293e+01,1.627983017861843074e+00,1.118779191839361697e+00,-1.190832725131087733e+00,4.490529544547891549e-01
1.506615932464599616e+01,-2.483210336685180764e+01,1.915373879671096846e+00,1.374837806104207472e+00,3.298322065621624166e-02,-3.009808780604517411e-02
1.563742242813110295e+01,-2.476992828369140653e+01,1.959393582344055140e+00,1.372567394331750235e+00,7.809187399709806299e-02,-7.294743873112273513e-02
1.725895221710204908e+01,-2.476249050140380703e+01,1.914140280485153278e+00,1.343589320530599318e+00,1.061144358793633252e-01,-7.078699003037634829e-02
1.751763502120971694e+01,-2.412655448913574219e+01,1.893067537546157864e+00,1.363115985727886059e+00,1.501109914858380356e-01,-7.075334172009138667e-02
1.924641553878784350e+01,-2.449705539703369084e+01,1.819917047023773105e+00,1.369496977910359403e+00,1.614851536234618024e-01,-3.776297348918603025e-02
1.935989015579223604e+01,-2.404252695083618008e+01,1.780739597082138026e+00,1.358320591281186651e+00,1.575202512740070393e-01,-4.659313041701029084e-02
1.978756586074829116e+01,-2.461874094009399272e+01,1.834170441627502424e+00,1.377969374541393899e+00,1.669347037445454429e-01,-4.978421245204195378e-02
2.098035757064819506e+01,-2.470768693923950110e+01,1.740318475961685207e+00,1.372786889091850870e+00,2.000655371978228292e-01,-5.711504076491985549e-02
2.065042013168335089e+01,-2.542394630432129077e+01,1.703418586254119793e+00,1.360365716062270858e+00,1.156220332948264262e-01,-4.014310610798453582e-03
2.272966846466064439e+01,-2.588992294311523423e+01,1.735687298774719167e+00,1.374031889457530076e+00,2.247492908686173907e-01,-3.885496683330678241e-02
2.589959444046020565e+01,-2.678186635971069407e+01,1.899425542354583829e+00,1.326639827898759227e+00,3.884344293604727327e-01,-1.276699632320583699e-01
2.630318632125854350e+01,-2.670753702163696275e+01,1.816072747707367041e+00,1.348264537353762949e+00,4.070037853990782217e-01,-1.182147071696804663e-01
2.420847450256347599e+01,-2.624491098403930778e+01,1.769671260118484524e+00,1.366131536608962360e+00,3.191800903328939065e-01,-7.764747835022592359e-02
2.202689088821411190e+01,-2.576697940826415945e+01,1.698881932497024572e+00,1.357883974286995032e+00,1.752510218710120748e-01,-1.790604862496441435e-02
2.623742816925048871e+01,-2.681912134170532269e+01,1.827831097841262853e+00,1.313530356663955567e+00,4.061074405323412684e-01,-1.311629404761603113e-01
2.771530511856079215e+01,-2.648890581130981303e+01,1.798573106527328491e+00,1.317037444022102211e+00,4.526228673680682268e-01,-1.441014276052739740e-01
3.220055524826049975e+01,-2.849111970901489244e+01,1.941574687957763778e+00,1.392124754398152753e+00,6.177055502343240523e-01,-1.620028989029865807e-01
3.181904014587402330e+01,-2.903216527938842617e+01,1.958071473836898724e+00,1.426672253143781877e+00,6.499394010714251158e-01,-1.459266370578167216e-01
3.364542062759399244e+01,-2.818353216171264819e+01,1.912398620843887231e+00,1.376001744393918980e+00,6.513217636855608283e-01,-1.705210564904198756e-01
3.509409032821655217e+01,-3.042659381866454993e+01,2.008211239576339846e+00,1.421411639532203397e+00,6.596886419085038478e-01,-1.621970142957517014e-01
3.463542488098144645e+01,-2.988506416320800696e+01,1.918943405151367188e+00,1.406834897845522736e+00,6.425272892156818072e-01,-1.745220043894136763e-01
2.919989185333252024e+01,-2.639045143127441406e+01,1.845649790763854936e+00,1.299164952983103749e+00,5.275011155509549132e-01,-1.866992285587500133e-01
3.117138328552245952e+01,-2.817677453994750891e+01,1.935574444532394356e+00,1.333682326209201019e+00,5.606950212164928393e-01,-1.912425349392887219e-01
3.102340766906738168e+01,-2.775877616882324261e+01,1.863190562725067112e+00,1.364887838606267945e+00,5.954385132620141352e-01,-1.735956038941497692e-01
3.820220775604248331e+01,-3.006373367309570455e+01,1.799468501806259058e+00,1.461632191942478620e+00,6.934833114270024801e-01,-1.153186506586531268e-01
3.872547504425048714e+01,-3.047542095184326172e+01,1.785539709329605040e+00,1.469090217225859973e+00,7.000937718599505866e-01,-1.238728826660282500e-01
3.789180404663085966e+01,-2.984407039642334070e+01,1.869604972600936943e+00,1.451366082932940227e+00,7.181339895543888963e-01,-1.364822076282470320e-01
3.624019163131713839e+01,-2.937478965759277472e+01,1.917746808528900226e+00,1.477063708178667722e+00,7.308880217332692775e-01,-1.308335727819817385e-01
3.568277549743652344e+01,-2.918035049438476491e+01,1.918458449840545699e+00,1.449276071486349515e+00,6.993788873203464762e-01,-1.525926725422446228e-01
2.693224327087402514e+01,-2.738981628417968750e+01,1.767440657615661603e+00,1.317810112675454892e+00,3.437497462278563676e-01,-1.057207217004529076e-01
4.020738067626952983e+01,-3.119900815963745089e+01,1.740643594264984051e+00,1.469567099355520323e+00,6.342322466114037605e-01,-1.006934055724161142e-01
4.089084003448486015e+01,-3.143900928497314595e+01,1.717099294662475684e+00,1.462142461214570144e+00,6.536092125217101145e-01,-1.002233960809664759e-01
3.934044574737549027e+01,-3.100646352767944336e+01,1.779509649276733496e+00,1.460359518965135495e+00,6.449394742581925355e-01,-1.124707316824773984e-01
4.290566329956054403e+01,-3.173459272384643626e+01,1.616429738998413024e+00,1.472710545696983786e+00,6.441254252954715653e-01,-1.131584866662578848e-01
4.428619930267333871e+01,-3.200909259796142692e+01,1.676926137804985117e+00,1.479413235574644103e+00,6.965205746207189241e-01,-9.634189005361440405e-02
4.338105224609375199e+01,-3.194176164627075210e+01,1.762341859340667671e+00,1.475128578936625079e+00,6.340748422152892028e-01,-1.023985344268363573e-01
4.365924648284912024e+01,-3.263904693603515739e+01,1.813371115922927768e+00,1.450566604255079106e+00,7.782057971498923532e-01,-1.504626234142912855e-01
4.500713832855224439e+01,-3.278716625213623104e+01,1.768208283185958907e+00,1.457778583720470866e+00,7.792940527836438314e-01,-1.445870515769051290e-01
4.496753196716308310e+01,-3.272317142486572550e+01,1.753332796096801705e+00,1.420390888494282189e+00,7.271085434382262846e-01,-1.589189453132552055e-01
4.836144412994384822e+01,-3.284686752319336023e+01,1.603779047727584839e+00,1.477942571849631070e+00,7.709129985556237852e-01,-9.854301893598213513e-02
4.822610431671142805e+01,-3.288291982650756751e+01,1.616371399760246241e+00,1.472393343627264262e+00,7.359059842200690316e-01,-1.080615536546813554e-01
4.875652473449707003e+01,-3.312475627899169695e+01,1.561593356728553816e+00,1.473878377019079533e+00,7.169855250018934978e-01,-1.019400977622328952e-01
4.737794013977050867e+01,-3.289289436340332173e+01,1.670375545620918167e+00,1.467156939600278598e+00,7.744438879631408978e-01,-1.344195565717519747e-01
4.557307052612304688e+01,-3.246355972290039205e+01,1.723208556175231942e+00,1.446030638054381257e+00,7.958486627372581834e-01,-1.487848568893201939e-01
4.881985378265380859e+01,-3.275019708633422511e+01,1.572069243788719151e+00,1.456469951494977932e+00,8.140190074283586430e-01,-1.261935697383389232e-01
5.055573333740234432e+01,-3.285859832763672017e+01,1.592036562561988777e+00,1.476805866004136547e+00,8.186610757265653238e-01,-1.109794830354527279e-01
5.271316455841064652e+01,-3.425354137420654155e+01,1.541788999438285845e+00,1.431012037785656332e+00,8.489825340280865440e-01,-1.398035190939698746e-01
5.192692832946777060e+01,-3.327583772659301786e+01,1.621284009814262461e+00,1.452066529613429857e+00,8.778124799721170879e-01,-1.340059515995139228e-01
5.154834362030029382e+01,-3.415814338684081974e+01,1.507665125131607109e+00,1.462897442485738386e+00,7.850511282963629212e-01,-1.110800579127180776e-01
1.688600902557373118e+01,-2.730001770019531193e+01,2.244408347606658971e+00,1.416588834199210334e+00,-5.236883335850687354e-02,-2.111086914022384728e-02
5.251976585388183594e+01,-3.409053823471069222e+01,1.552137469649314871e+00,1.466483214219220788e+00,8.120083756913668571e-01,-1.224864766493534707e-01
5.316119232177734233e+01,-3.353670766830444450e+01,1.464982290267944354e+00,1.478565917874201663e+00,7.715502280801301849e-01,-1.019258900240064269e-01
5.388496932983398580e+01,-3.343188899993896257e+01,1.479218992590904280e+00,1.483574588670710348e+00,8.083158079695431653e-01,-9.871531740404466959e-02
5.356178485870361072e+01,-3.384906246185303047e+01,1.448794339299201983e+00,1.482819034305694395e+00,7.910561372353767107e-01,-1.035396965827210247e-01
5.711463615417480355e+01,-3.351856145858764791e+01,1.452450079321861320e+00,1.495483027383986974e+00,8.915486316173780734e-01,-8.682134325530771468e-02
5.669389884948730440e+01,-3.271067676544189595e+01,1.443292881846427900e+00,1.471572089014600238e+00,8.876441931868528368e-01,-1.132522733517345309e-01
6.035984012603759652e+01,-3.517239641189575394e+01,1.494820885658264098e+00,1.496171030881474628e+00,8.629639582365196127e-01,-9.100375075335762065e-02
5.937378032684326001e+01,-3.462858592987060291e+01,1.406323624253273064e+00,1.503142198192639611e+00,8.650672677732228477e-01,-8.423519241444829553e-02
6.276643203735351761e+01,-3.739101621627807504e+01,1.426043057441711337e+00,1.501059554162843090e+00,8.309761988294573909e-01,-9.263083966461299612e-02
5.948080612182616989e+01,-3.522213651657104805e+01,1.444504238367080751e+00,1.477513361258357971e+00,8.348009607783517527e-01,-1.084584722575761551e-01
6.204776775360107166e+01,-3.554503282546997411e+01,1.384735026359558141e+00,1.457241022730720870e+00,8.947763383766644818e-01,-1.212559840942709355e-01
6.434348403930664517e+01,-3.604229740142822180e+01,1.341397007107734574e+00,1.491206594089033555e+00,9.288054103122828087e-01,-1.031933309410900390e-01
6.185106773376465128e+01,-3.534567914962768498e+01,1.377012451887130728e+00,1.485389088140193437e+00,9.579299567152017580e-01,-1.137119297149630087e-01
6.245852611541747734e+01,-3.599320175170898750e+01,1.486871142387390154e+00,1.477213800177570313e+00,9.177555536361154953e-01,-1.197190670111393795e-01
6.037761997222900590e+01,-3.508297191619872990e+01,1.419150925874710145e+00,1.465978172058629347e+00,7.996357650779792881e-01,-1.090105531736238892e-01
6.367478366851806726e+01,-3.713200469970703210e+01,1.525561401247978122e+00,1.539614007599755974e+00,9.686350610705716235e-01,-7.983223453018574445e-02
6.080773422241210824e+01,-3.548927749633789119e+01,1.373065937459468921e+00,1.457521730771311530e+00,8.744702211401432779e-01,-1.195321922292401362e-01
6.915183235168457543e+01,-3.821482879638671903e+01,1.387348332703113529e+00,1.464120795745606607e+00,8.953170944770306727e-01,-1.160086655374677062e-01
6.993108249664307152e+01,-3.772218391418456918e+01,1.420437644422054335e+00,1.481992451486247475e+00,9.073762240555437453e-01,-1.064545739506196353e-01
7.095204471588134254e+01,-3.880482540130615376e+01,1.332841635942459080e+00,1.472187127396277440e+00,8.644338450782059757e-01,-9.878869688182559394e-02
7.408607170104980355e+01,-4.013566471099853317e+01,1.371116390228271475e+00,1.505813255602546308e+00,9.015366710975208919e-01,-8.369822679001258370e-02
9.039404167175293026e+01,-4.293532775878906449e+01,1.095362223125994294e+00,1.401398521094704641e+00,9.751351247530429811e-01,-1.895153662261177263e-01
8.857503372192383040e+01,-4.333352745056152600e+01,1.172211946807801830e+00,1.365692818970691169e+00,9.302533878849985616e-01,-2.310994473741393718e-01
8.852326278686523153e+01,-4.254198547363281335e+01,1.269662480875849653e+00,1.390717482037699737e+00,9.327192252392439986e-01,-1.977954868757128559e-01
8.828917480468750512e+01,-4.263977085113525334e+01,1.298636485934257401e+00,1.394679336777854051e+00,9.382405189910768550e-01,-1.930269404819257018e-01
8.814734420776366619e+01,-4.386656070709228317e+01,1.241362830735742939e+00,1.429183287609333108e+00,9.500615274517185682e-01,-1.696447337265088173e-01
8.052029289245605526e+01,-4.330449272155761520e+01,1.325824885256588370e+00,1.423340443592371107e+00,8.945958797958378783e-01,-1.665078882418316586e-01
8.307762161254882471e+01,-4.233463436126709212e+01,1.268506409525871348e+00,1.432929249684307349e+00,9.023975844015490466e-01,-1.564244091428992900e-01
8.650901344299316520e+01,-4.499014785766601676e+01,1.257077666148543438e+00,1.444717567770157363e+00,9.101123455378864469e-01,-1.514602520215002079e-01
8.835106086730957031e+01,-4.291341831207275703e+01,1.147919835299253455e+00,1.406811443426306818e+00,9.954362388070369105e-01,-1.952957803926272107e-01
8.709571975708007585e+01,-4.223332366943359517e+01,1.234876713752746547e+00,1.390272730794770872e+00,9.829847792496253511e-01,-2.186536730771057313e-01
9.285722015380859773e+01,-4.212030281066894588e+01,1.163584827808663347e+00,1.378277197343364735e+00,1.005282548642983942e+00,-2.194752211640579043e-01
9.167864448547362599e+01,-4.194578876495361186e+01,1.206733445674180949e+00,1.387325563979751930e+00,1.011511092731148587e+00,-2.133496998915657694e-01
9.219108215332030909e+01,-4.239471801757812841e+01,1.193631859868764966e+00,1.418783815148950689e+00,1.000451745583797791e+00,-1.809569170784333936e-01
9.244794387817383097e+01,-4.096562892913818388e+01,1.061515340395271734e+00,1.383883074324420370e+00,1.017828235955873906e+00,-2.125978092611618964e-01
9.165717193603515511e+01,-4.109735206604003821e+01,1.156003200151026311e+00,1.392996457850195435e+00,1.007483256175365272e+00,-1.977580137480520750e-01
7.774290153503417855e+01,-4.096387966156005689e+01,1.258213582038879341e+00,1.457821299827280370e+00,8.524786815829044073e-01,-1.254408867655084081e-01
7.490449356079101051e+01,-4.013793823242187386e+01,1.357304839640855798e+00,1.462946824066156948e+00,8.480829277790564724e-01,-1.225112439950949844e-01
7.451423599243163665e+01,-3.949578033447265568e+01,1.320276292860508072e+00,1.457489513337614007e+00,8.305567208462779627e-01,-1.267361718102802126e-01
7.629715774536133210e+01,-3.979872814178466456e+01,1.449028551131486875e+00,1.490745011201888515e+00,8.675713521249420745e-01,-9.796472527158456289e-02
7.642226837158203523e+01,-3.833721664428711051e+01,1.381005998067557750e+00,1.437878991304067711e+00,7.667862227848377676e-01,-1.323336300090242612e-01
6.605010936737060945e+01,-3.737281898498535071e+01,1.418098472952842748e+00,1.496193325576041344e+00,9.089215112458365331e-01,-9.858574830802067923e-02
6.601932872772216854e+01,-3.686265281677246008e+01,1.336717447638511747e+00,1.525595830456752733e+00,9.399957483953920168e-01,-9.229245477139264020e-02
6.971593181610107592e+01,-3.934048881530761577e+01,1.372412965744733704e+00,1.492293470295690261e+00,9.041994593294926386e-01,-1.042468162927851910e-01
6.913081352233886889e+01,-3.944012432098388388e+01,1.394877292513847289e+00,1.502840047011826607e+00,8.600901619692393751e-01,-8.923499036204965429e-02
6.796276836395263388e+01,-3.889840919494628935e+01,1.377587103247642553e+00,1.507192189523126391e+00,9.096279583008088920e-01,-8.651552268396330014e-02
6.845420055389404013e+01,-3.770894237518310632e+01,1.370307929515838685e+00,1.499104889076715130e+00,9.326426396022564624e-01,-9.791200086469750707e-02
6.934672954559326286e+01,-3.807500682830810490e+01,1.285479840487241843e+00,1.463487495984615805e+00,9.125302133890746958e-01,-1.157812032783227391e-01
6.491851638793944801e+01,-3.753072807312011605e+01,1.347417065501212985e+00,1.509033791428374016e+00,8.904124368607179152e-01,-9.938655533494371308e-02
8.849071044921875284e+01,-4.363021713256836165e+01,1.391104477420449292e+00,1.456530154756902951e+00,9.560525588907587968e-01,-1.512575249084907314e-01
8.741225196838378508e+01,-4.315931102752685433e+01,1.233845587074756667e+00,1.417006273197940258e+00,9.130234094263829370e-01,-1.833526533828085947e-01
8.188749679565430029e+01,-4.251176372528075831e+01,1.259851338267326426e+00,1.449894046657544511e+00,8.262028666246490349e-01,-1.249039529267347987e-01
8.205716056823730753e+01,-4.323320316314697465e+01,1.340213976977393084e+00,1.429049959856235397e+00,8.843582182459125418e-01,-1.590713656833728229e-01
8.386431854248047557e+01,-4.010819519042969006e+01,1.197982500046491650e+00,1.394252409153226235e+00,8.908557974453478190e-01,-1.837283546548668101e-01
7.748320053100586335e+01,-3.801063379287720068e+01,1.235331778675317738e+00,1.416433353907267989e+00,7.787330633342173236e-01,-1.438665064126755377e-01
7.741489990234374829e+01,-3.859254394531249943e+01,1.192121434137225044e+00,1.450488470951219355e+00,7.848850914444431837e-01,-1.254776942399619954e-01
9.104410949707030909e+01,-4.296331356048583672e+01,1.087990575460717091e+00,1.374705612088815254e+00,8.647193955258840603e-01,-2.085400881700582021e-01
7.643955047607421704e+01,-3.998119510650634822e+01,1.314009514003992019e+00,1.469163767386291175e+00,7.837824966298518881e-01,-1.118022269803632951e-01
7.706193611145019418e+01,-3.946213596343994112e+01,1.248367219269275630e+00,1.481202778232137751e+00,8.180706782173368108e-01,-9.309197897632806584e-02
7.622144264221191179e+01,-3.942982204437255689e+01,1.320511553250253156e+00,1.486164442669619445e+00,7.934331522525270852e-01,-9.499832230854667048e-02
7.120966464996337209e+01,-3.694214107513428047e+01,1.224948436915874517e+00,1.470691867322182045e+00,7.743094831870912520e-01,-1.047285146414714263e-01
8.113519775390625455e+01,-4.040949985504150277e+01,1.154622514955699453e+00,1.456585371346493574e+00,8.254723567399010475e-01,-1.180571294317491193e-01
